Type,Name,Request Count,Failure Count,Median Response Time,Average Response Time,Min Response Time,Max Response Time,Average Content Size,Requests/s,Failures/s,50%,66%,75%,80%,90%,95%,98%,99%,99.9%,99.99%,100%
GET,/api/[url],16560,0,6,18.84631520211158,1.9490829999995185,233.1268750003801,6357.0,280.72262962540776,0.0,6,10,16,22,58,89,130,150,220,230,230
,Aggregated,16560,0,6,18.84631520211158,1.9490829999995185,233.1268750003801,6357.0,280.72262962540776,0.0,6,10,16,22,58,89,130,150,220,230,230
