Type,Name,Request Count,Failure Count,Median Response Time,Average Response Time,Min Response Time,Max Response Time,Average Content Size,Requests/s,Failures/s,50%,66%,75%,80%,90%,95%,98%,99%,99.9%,99.99%,100%
GET,/api/[url],10374,0,4,4.397920332659131,1.990042000215908,96.89366700058599,6355.143339117023,175.5272354881067,0.0,4,4,5,5,7,9,13,17,51,81,97
,Aggregated,10374,0,4,4.397920332659131,1.990042000215908,96.89366700058599,6355.143339117023,175.5272354881067,0.0,4,4,5,5,7,9,13,17,51,81,97
