Type,Name,Request Count,Failure Count,Median Response Time,Average Response Time,Min Response Time,Max Response Time,Average Content Size,Requests/s,Failures/s,50%,66%,75%,80%,90%,95%,98%,99%,99.9%,99.99%,100%
GET,/api/[url],2134,0,610.0,952.3985966902376,107.12916600004974,13017.93358299983,5712.79709465792,36.072392649380554,0.0,610,960,1200,1300,1900,3200,3800,5900,11000,13000,13000
,Aggregated,2134,0,610.0,952.3985966902376,107.12916600004974,13017.93358299983,5712.79709465792,36.072392649380554,0.0,610,960,1200,1300,1900,3200,3800,5900,11000,13000,13000
