Type,Name,Request Count,Failure Count,Median Response Time,Average Response Time,Min Response Time,Max Response Time,Average Content Size,Requests/s,Failures/s,50%,66%,75%,80%,90%,95%,98%,99%,99.9%,99.99%,100%
GET,/api/[url],2030,3,450.0,522.3305267724191,106.51383399999759,11074.019916999532,6188.26354679803,34.38563837395959,0.050816214345753084,450,580,650,720,960,1200,1700,2100,9200,11000,11000
,Aggregated,2030,3,450.0,522.3305267724191,106.51383399999759,11074.019916999532,6188.26354679803,34.38563837395959,0.050816214345753084,450,580,650,720,960,1200,1700,2100,9200,11000,11000
