Type,Name,Request Count,Failure Count,Median Response Time,Average Response Time,Min Response Time,Max Response Time,Average Content Size,Requests/s,Failures/s,50%,66%,75%,80%,90%,95%,98%,99%,99.9%,99.99%,100%
GET,/api/[url],4030,1,410.0,463.0137279240665,107.61325000021316,6532.653750000463,5898.120843672456,68.15524858890223,0.016911972354566308,410,510,590,640,880,1100,1300,1500,2000,6500,6500
,Aggregated,4030,1,410.0,463.0137279240665,107.61325000021316,6532.653750000463,5898.120843672456,68.15524858890223,0.016911972354566308,410,510,590,640,880,1100,1300,1500,2000,6500,6500
