Type,Name,Request Count,Failure Count,Median Response Time,Average Response Time,Min Response Time,Max Response Time,Average Content Size,Requests/s,Failures/s,50%,66%,75%,80%,90%,95%,98%,99%,99.9%,99.99%,100%
GET,/api/[url],2243,7,350.0,401.94764299421325,106.72108299968386,4180.634290999478,6339.661613909942,37.90350832666186,0.11829003936095986,350,430,480,570,780,910,1200,1500,4100,4200,4200
,Aggregated,2243,7,350.0,401.94764299421325,106.72108299968386,4180.634290999478,6339.661613909942,37.90350832666186,0.11829003936095986,350,430,480,570,780,910,1200,1500,4100,4200,4200
