Type,Name,Request Count,Failure Count,Median Response Time,Average Response Time,Min Response Time,Max Response Time,Average Content Size,Requests/s,Failures/s,50%,66%,75%,80%,90%,95%,98%,99%,99.9%,99.99%,100%
GET,/api/[url],18295,0,4,5.635463739764129,1.802916000087862,81.74920800047403,6092.157529379612,309.5338865254929,0.0,4,5,6,7,10,13,19,24,44,82,82
,Aggregated,18295,0,4,5.635463739764129,1.802916000087862,81.74920800047403,6092.157529379612,309.5338865254929,0.0,4,5,6,7,10,13,19,24,44,82,82
