Type,Name,Request Count,Failure Count,Median Response Time,Average Response Time,Min Response Time,Max Response Time,Average Content Size,Requests/s,Failures/s,50%,66%,75%,80%,90%,95%,98%,99%,99.9%,99.99%,100%
GET,/api/[url],10115,0,4,8.957630762431892,1.8042920000880258,596.8941250002899,6092.01660899654,170.55600152982421,0.0,4,5,6,8,15,33,63,90,310,580,600
,Aggregated,10115,0,4,8.957630762431892,1.8042920000880258,596.8941250002899,6092.01660899654,170.55600152982421,0.0,4,5,6,8,15,33,63,90,310,580,600
